content,date,,
海底捞的服务确实好！记得15天之前去吃海底捞，结账的时候忘记带钱来，还是服务员帮忙报的警……,2019年5月10日,,
“为什么有人管前男友叫渣男呢？明明知道是渣男还交往，那不就是说自己眼光差吗？”“你吃过甘蔗吗？”,2019年5月8日,,
刚刚去小店买水，见老板在摇椅上睡着了，老板娘还给他捶腿，瞬间感到好恩爱，我不忍心打扰他们，拿了两瓶可乐就悄悄地走了。,2019年5月7日,,
我虽然单身20多年了吧，可我依然是个颜控，总看不上小姐姐，只看得上小仙女。,2019年5月7日,,
我常常因为自己内心戏太多而理解不了别人说的话。,2019年5月7日,,
大家都知道刘关张桃园三结义，那么谁能告诉我他们拜的是谁？,2019年5月2日,,
去参观故宫，站在大殿龙椅旁有一种似曾相识的感觉，感觉上辈子来过这里，最重要的是喉咙很不舒服，就想尖着声音来一嗓子：皇上驾到！！,2019年4月30日,,
我深圳住的房子都可以卖700多万了，突然有种冲动，卖了房子出去周游世界，一切都准备好了，心动不如行动可是，可是房东他，他，他，他他妈的不同意！,2019年4月29日,,
小时候假期妈妈把游戏机放我书包里，我找了一个假期没找到…,2019年4月29日,,
带女朋友来看复联，复仇者集结的时候她问我，大黄蜂怎么还不来？我该怎么回答？,2019年4月29日,,
上初中的时候住校，室友吃饭的时候总是抽烟，我就问他，你才十五岁，怎么就会抽烟啦？室友说，小时候每次吃奶都满嘴的烟味，习惯了。[捂脸],2019年3月17日,,
老公家里最近拆迁，拆了几百万，激动的不行，今天他跟我说舌头上起了个泡，我第一反应就是：有钱烧的？？？,2019年3月17日,,
家有独子一枚，学习成绩不理想。今天媳妇拿着儿子0分的卷子，对我吼了一句：“这就是你当年率领亿万精兵攻打我守了18年的地方留下来的精兵中的精兵？”,2019年3月17日,,
如果你是孙悟空被压500年，出来第一件事干啥？……感谢土地公……,2019年3月16日,,
室友的脚出奇的臭，我听说白石灰除脚臭，就悄悄的往室友鞋里面撒了一些。还别说，晚上室友回来，别说脚臭除了，连脚皮都没了。,2019年3月16日,,
我一杯接着一杯的喝酒，老公疑惑的看着我，问道：“老婆，我没记错的话，我俩刚在一起的时候，我送你回家，当时你是喝了一杯可乐说找不到家了...”,2019年3月15日,,
女人要那么多衣服说是给男人看的，其实我们都喜欢看女人不穿衣服！ ,2019年3月15日,,
刚刚在古玩市场淘到一件宝贝，清朝青花瓷碗。拿回家一看，碗底还有二维码，用手机扫了扫果然是清朝的，心里顿时踏实很多。买的时候还担心是假货，看来多虑了！,2019年3月15日,,
我从小眼睛就小，我自己从来没在意过，直到前天，我深刻认识到自己眼睛小了，因为我新买个手机，带面部解锁的，我每次解锁，它都会提醒我，请把眼睛睁开。,2019年3月14日,,
在闺蜜家聊天，她和她老公彼此互夸，甚是甜蜜，我心悦诚服地说道:论夫妻关系融洽的法则――互吹！！！闺蜜含羞一笑,2019年3月14日,,
十八新娘八十郎，苍苍白发对红妆。鸳鸯被里成双夜，一树梨花压海棠。,2019年3月31日,,
双十一这帮商家啊，挨个给你发短信。像极了平时没事不联系，一结婚就给你发请柬的老同学。,2019年3月31日,,
工作996，生病ICU。,2019年3月29日,,
前几天到朋友家吃饭，他开了瓶82年的拉菲，大家都喜欢喝。今天到我家吃饭，我拿了瓶2012年的花生牛奶，他们都不喝，难道是年份不够？,2019年3月25日,,
今天经理跟我吹牛逼说:我有一个漂亮的老婆，还有一个当官的兄弟！说完他还轻蔑的看了看我，我只想说，北宋时期也有这样的一个人。,2019年3月25日,,
女孩子如果遇到劫色，请不要慌张，应该主动帮对方脱裤子，把裤子脱到鞋子的位置，然后转身撒腿就跑，对方肯定追不上你，不用谢我，我叫雷锋~,2019年3月24日,,
昨天我一个朋友出院了，不小心被割了皮包，丢了三千块钱，他女朋友臭骂他:“都出院了还靠不住，还丢了钱，真是多此一举！”,2019年3月23日,,
后宫佳丽三千人，铁杵磨成绣花针。[老司机],2019年3月21日,,
问：在武侠世界里开一家客栈要注意什么? ？答：墙上贴上字：要打出去打。,2019年3月20日,,
男友亲了我的手，我闺密怀孕了，是男友舍友的孩子。,2019年3月18日,,
去东北饭馆喝啤酒，老板问你喝常温的还是冰镇的，你一定要回答――喝！冰！镇！的！,2019年2月10日,,
几年前我原打算胖着玩玩，今年往体重秤上一站才知道自己玩嗨了！,2019年2月9日,,
老板让同事去把他的车开过来，同事新手离合松的快了，一耸一耸的，一震一震的开到跟前，老板大喊，你他妈日我车呢！,2019年2月9日,,
问：有哪些动漫角色穿着暴露无比，却没有给人“卖肉”的感觉？答：海尔兄弟,2019年2月8日,,
手机厂商必须感谢腾讯，如果没有微信，手机5年也不用换！,2019年2月8日,,
排队的时候吵起来了，对方骂我：“你tm挤个j8！”  我：“一个。”,2019年2月7日,,
问：为什么打群架的时候，普遍会脱掉上衣？答：假如脱掉裤子的话，总感觉哪里不对，气氛怪怪的。,2019年2月7日,,
问：你读过最伤感的一句诗是什么？答：同行十二年，不知木兰是女郎。,2019年2月7日,,
问：长得丑但身材很好是一种什么体验？答：背面倾国倾城，正面忧国忧民。,2019年2月6日,,
问：上厕所为什么打激灵？答：每一滴飘在空中的尿，都是膀胱抽泣时落下的泪。,2019年2月5日,,
人体最聪明的器官是头脑――然而这个结论是头脑判断的！,2019年1月25日,,
傻人有傻福，但傻逼没有。,2019年1月23日,,
总是会有人把你的难处当成挂在嘴边的笑话。,2019年1月15日,,
有钱的装穷，没钱的装逼。,2019年1月11日,,
男友装富被揭穿：我不能忍受他的欺骗；男友装穷被揭穿：我爱的不是他的钱。,2019年1月9日,,
今天在切肉时不小心划到了手，血滴在猪肉上。妹妹在后面突然问了句：你是在滴血认亲吗？我：…………,2019年1月8日,,
真正的兄弟，不管我们距离多远，不管多长时间没联系，哪怕中间换了好几次手机号，要借钱的时候总能找到你.....,2019年1月6日,,
12岁地震，我在内蒙古包头。24岁汶川大地震，我在成都。明年36。你们说我去哪啊？,2019年1月6日,,
哥们叫我去接机 ，到了才知道他还叫了他女朋友 ，结果劳资零下五度凌晨3点去吃了一顿狗粮。草！！,2019年1月2日,,
鹅毛大雪无鸟飞，木目相连下联心。明字身旁隐去月，尔字身旁多一人。,2019年1月1日,,
昨晚喝醉把妹妹当女朋友啪了，半夜清醒想起来自己没女朋友心里一阵负罪感，早上醒来看着被子里一脸委屈的狗，想起来自己也没妹妹。。。,2019年2月18日,,
有谁看完过一整本的汽车使用说明书吗？我已经看完了，就差买车了。,2019年2月18日,,
我最羡慕的就是西游记里的唐僧，都不用自己洗澡，每过两集就有一个妖怪说:小的们，把那个和尚洗干净了。,2019年2月17日,,
流浪地球――――三体舰队长途跋涉到达太阳系：你丫的，地球呢？,2019年2月16日,,
为了防止过年乱花钱，我年前就把钱花没了，我就是我，不一样的烟火，瞅着自己都上火！,2019年2月15日,,
you say too much，if you jjww again，i will give you color see see,2019年2月15日,,
北京第三区交通委提醒您：道路千万条，安全第一条。行车不规范，亲人两行泪。,2019年2月14日,,
当你觉得自己很牛逼的时候，当你以为自己很了不起的时候，就要冷静下来想一想 ……   怎么让全世界都知道这个事。,2019年2月14日,,
为什么假期感觉很短呢？……因为假期没有上午。,2019年2月12日,,
伪过年：富不回乡，穷莫走亲。,2019年2月10日,,
老子练了八年跆拳道，六年柔道。今天竟然让一个扛水泥的，把我打了……,2018年12月9日,,
大家好，我是宇宙财务官，简称UFO！,2018年12月7日,,
手指受伤了，现在只能算9以内的加减法了。,2018年12月6日,,
上联：小偷偷偷偷东西；下联：小明明明明白了！,2018年12月3日,,
恍若凌霄境，飘虚作道台。 路人蒙口鼻，浊世雾称霾。,2018年12月3日,,
你又不是美瞳，我凭啥把你放眼里。,2018年12月2日,,
中国人过节啊，一到外国节日就开房，一到中国节日就开饭！,2018年12月1日,,
侄女让她妈妈教她写作业，她妈妈说：你先把难的做了，剩下简单的我来教你！,2018年12月1日,,
前女友很内向，她想结束和我四年感情都不好意思说，是喊她新男友来告诉我的。,2018年11月30日,,
打败你我的是一些纸，打败支付宝的是一张纸。,2018年11月30日,,
80后忙着结婚、离婚；00后忙着恋爱、分手；90后两个都不碰。,2018年11月28日,,
特么的，感觉嘴巴有点咸，赶紧睁开眼睛，TMD泰迪在拱我嘴啊[呕吐],2018年11月28日,,
爱真的需要勇气，来面对六眼飞鱼。,2018年11月25日,,
蚂蚁A：你都如何回蚁窝？。。。。。。。蚂蚁B：带着笑或是很沉默？,2018年11月25日,,
自从不要脸之后，整个人都轻松多了。,2018年11月23日,,
因为早晚会出事，所以中午去。,2018年11月19日,,
大学是梦开始的地方吗？神回复：是啊，睡得特别香~,2018年11月17日,,
你不是人造革，你是真的皮！,2018年11月14日,,
一个朋友做手术，医生问全麻还是半麻，我朋友说微辣。,2018年11月14日,,
今天，我摸了下一下我女朋友的脸。啊，好疼，原来玫瑰都是带刺的[大笑],2018年11月13日,,
问：已经有女朋友了，但又遇到更喜欢的对象怎么办？答：不要相信在野党，执政之后都一样。,2019年2月4日,,
问：热爱是一种怎样的体验？答：两个长得像猪一样的人，还怕对方被抢走。,2019年2月3日,,
问：没有女朋友是什么感受？答：有一种怀才不遇的感觉。,2019年2月2日,,
问：你会给自己写什么墓志铭？答：没什么事我就先挂了。,2019年2月1日,,
问：古人有拖延症么？  答：不急，等明天抓住了孙悟空，再跟这唐僧一起炖了吃！啊哈哈哈哈！,2019年2月1日,,
问：怎么反驳“胸小不要说话” 。答：怎么，怕我揭你短？,2019年1月31日,,
问：有哪些你以前深信，现在不再相信的观点？答：长得好看又咋了，她学习又不行！,2019年1月31日,,
问：有没有一本书，提到它就觉得它改变了你，甚至影响你的人生观，让你感动不已？答：《五年高考 三年模拟》。,2019年1月31日,,
问：男女之间没有纯友谊吗？答：有，越丑越纯！,2019年1月31日,,
问：有哪些人类已经发现却又无法解释的现象？答：女朋友为什么会生气。,2019年1月31日,,
我老爸现在非让我学一件乐器，我就很他说我脑子笨学不会，我老爸说:“谁说你不会乐器的，你有时候退堂鼓打的可好了”。,2019年3月10日,,
所有的用户条款，本质上都是一句话： 尊敬的用户，我是你爹。,2019年3月8日,,
一个月内，同一个地方同一辆车，我干了他两次，一次前边一次后边！保险公司都以为我俩是骗保的了[大哭],2019年3月5日,,
朋友看玄幻小说入迷了…今天在我们的鼓励下，终于准备向暗恋已久的女神表白，谁知见面后他开口就说：美女，你想吸我阳气吗？,2019年3月2日,,
真的，梦里什么都有！在我昨晚的梦里居然找到了厕所[大哭],2019年2月27日,,
颜值特别重要，为什么呢，同样是蛇精，白娘子成了一段爱情故事，蛇精却被葫芦娃打死了。,2019年2月26日,,
“你对一个人最高级别的信任是什么？” “跟他出门不带一分钱！”,2019年2月26日,,
我一直想问，究竟是谁TM设计方便面分量成分的？一包吃不饱，两包吃不完！,2019年2月26日,,
大规模同学聚会目的有三，一是寻找旧时暗恋，二是炫耀攀比，三是捡捡破鞋。,2019年2月26日,,
投资千万条，风险第一条，配资做反了，回家睡不着。,2019年2月25日,,
早上看到一MM穿红袜子，就跟她开玩笑：你本命年啊？ 她顿时瞪大双眼：你看到我内裤了？ 我：........,2019年4月29日,,
单身久了，看只鹅都眉清目秀的。,2019年4月27日,,
我侄子问我哥：“爸，你有量角器吗？”我哥玩着手机，心不在焉的回答：“脚气怎么量，我只是闻过啊...”,2019年4月25日,,
初中语文老师，每次上课都强调，上课不准带手机，否则就没收，今天终于发飙了，一共没收了6部手机，走到讲台上，当着全班的面，砸了七部手机。,2019年4月23日,,
感觉这个社会越来越好了，大家都很懂事。男生都挺懂事，一有钱就想多照顾几个女生。女生也很懂事，知道男生没钱就不和这个男生在一起，免得他辛苦。,2019年4月22日,,
干掉奔驰的不一定是宝马，可能只是个研究生。 ――《论跨界的力量》,2019年4月17日,,
很多年前出差住酒店，肚子饿了，跑去前台问有没有快餐，从此走上了一条不归路,2019年4月14日,,
昨晚心情不好，去酒吧点了一杯288元的“心痛的感觉，”结果服务员给我送来了一杯白开水，我当时就心痛的不行了。,2019年4月9日,,
许多人喜欢愚人节表白，拒绝了就说愚人节快乐，想想其实清明节也可以的，万一拒绝了还可以说:不好意思，刚刚好像被附身了？！,2019年4月5日,,
有位朋友打电话说：“清明节了，想去看看你们。” 我倒！,2019年4月5日,,
你不是一无所有，你还有不切实际的幻想呢......,2018年10月31日,,
朋友想要二胎，但媳妇一直怀不上，去医院检查结果朋友先天性死精，现在抱着孩子去做DNA了,2018年10月31日,,
铁打的身体，磁铁打的床。,2018年10月30日,,
如果网上和你聊得很好的朋友，突然不理你，你就要好好反思一下，是不是在网上发自拍了 。,2018年10月29日,,
保险公司一个奇葩男，在大厅嚷嚷：给老婆办的意外保险，现在老婆意外怀孕，凭什么不赔钱……,2018年10月28日,,
为什么那些抓住唐僧的妖怪不逼问唐僧紧箍咒怎么念，要是知道了，就降服了孙悟空,2018年10月28日,,
光大是不行的，还要深发展？,2018年10月27日,,
做爱做的事，交配交的人。,2018年10月25日,,
刚看美剧，发现 Long live 的翻译是 「不朽」……,2018年10月25日,,
孤独是最真诚的等待，爱情也不需要天涯海角。,2018年10月25日,,
如果我被鬼吓死了 ，我也变成鬼……我俩面对面会不会很尴尬……,2018年10月25日,,
长得丑怎么了？只要不照镜子，恶心的就不是自己。,2018年10月24日,,
下个月想和老公去旅游，大家推荐一下谁的老公好 ???。,2018年10月23日,,
人要是行，干一行行一行，一行行行行行。,2018年10月22日,,
你过得好不好，没人知道；但你胖不胖，一眼便知。,2018年10月21日,,
最近交了个女朋友，没想到她家里人不同意，尤其是他老公，下手真狠！,2018年10月21日,,
向钱进！向厚赚！,2018年10月19日,,
我家门前有条小河，很难过。。。,2018年10月19日,,
公司规定：扣钱必须及时，发钱必须延迟。,2018年10月16日,,
日谁谁红王思聪，谁红日谁冯绍峰。横批：聪峰陷阵,2018年10月16日,,
年纪大了，越来越不喜欢和人吵架了，真的，只想把刀架到对方的脖子上。,2018年11月4日,,
唐朝最便宜的妓女是谁？答：依山尽。,2018年11月3日,,
睡觉前，媳妇指着旁边的鬼皮面具娇羞的说：老公，你今天要是想和我那啥，就带上这个咋样？我想试试和鬼是啥感觉～～～,2018年11月3日,,
征女友：条件一：性别女。条件二：会拌土豆丝。如果条件二满足得特别好，条件一可以适当放宽！,2018年11月3日,,
漂亮的皮囊千篇一律，有趣的灵魂120斤。,2018年11月3日,,
这年头结婚真没啥，有本事别离。,2018年11月3日,,
第一次约女神去水上乐园，头一回看见她穿泳衣，第一次有肉体接触，一个没控制住就……,2018年11月2日,,
明骚易躲，暗贱难防。,2018年11月2日,,
有运气，本身就是运气。,2018年10月31日,,
人未老，心已衰，枸杞泡酒说拜拜。,2018年10月31日,,
这么没脑子，胸应该很大吧。,2018年8月31日,,
上联：好看的女人千篇一律；下联：有趣的游戏万里挑一；横批：rush b,2018年8月31日,,
朋友们真应该都来深圳玩玩，走在大街上，你们会由心感叹“这辈子也算是粤B无数了”！,2018年8月28日,,
滴滴出行，送你「上路」,2018年8月26日,,
“有个漂亮的女朋友是种什么体验？” “不含而立！” ,2018年8月25日,,
辞职原因：肠胃不好，消化不了老板画的大饼。,2018年8月25日,,
琴瑟琵琶八大王，王王在上！ 魑魅魍魉四小鬼，鬼鬼在边！ ,2018年8月25日,,
静若瘫痪，动若癫痫。,2018年8月23日,,
走过的最长的路，是你的套路。,2018年8月19日,,
鸟小一人  小鸟一人,2018年8月18日,,
羡慕呀，裤子还没脱呢!,2019年8月29日,,
老公不信你看，我真的和闺蜜在一起逛街,2019年8月16日,,
嫦娥的兔子生病了，于是嫦娥把兔子抱到月老那里。月老看了看兔子说：没救了，月兔，还有没有什么遗言？月兔说：我只希望在死前吃到一根没有腥味的胡萝卜。,2019年5月23日,,
今天是520，一大早，我就打电话约女神:“晚上请你去看电影呀?”谁知女神对此并不感冒，她竟然更想去看我家里人，这不是明明白白暗示我已经跟我确定恋爱关系了吗?一想到这，我心花怒放，挂掉电话甜蜜地回想着她刚才的回答:去看你大爷!,2019年5月20日,,
在家里卫生间发现一瓶过期的洗面奶。在网上搜了一下：洗面奶过期了，怎么废物利用?;老婆蹦出一条最佳答案：给老公用。,2019年5月20日,,
有一次闺蜜喝多不小心冲进了男厕所。当着一张张惊慌失措的脸，这货竟然故作镇定的大声喊：“怕什么啊！我又没带尺～～～”,2019年5月18日,,
刘关张三人结义后在桃园喝酒，三人喝的差不多了后，大哥刘备说，喝的差不多了吧，咱们来日方长……张飞赶紧说，大哥你喝多了吧，二哥叫云长。,2019年5月17日,,
你和你老公怎么认识的啊？从小便认识了。哦，你们青梅竹马啊， 好羡慕。不是，在KTV我进错厕所，看到他小便。・・・・・,2019年5月12日,,
一个几年没跟我联系的同学发了一个QQ信息给我，说“最近有人盗用我的QQ借钱，你不要上当”。我觉得他想多了，就算是他本人出面，我也不会借的。,2019年5月11日,,
婚姻是爱情的坟墓，相亲就是去看风水。,2019年5月10日,,
死还不容易吗？有本事你活好一点啊！,2018年11月8日,,
最靠得住的是金钱， 最靠不住的是人心。,2018年11月8日,,
古天乐只有太阳能黑他......,2018年11月7日,,
其实我比较喜欢张学友的，他唱的歌悲情、神情、音调那些都很把握的很好，我最喜欢听他的忘情水。,2018年11月7日,,
人生最大的遗憾：忘穿秋裤,2018年11月7日,,
三星diss华为：屏实力，不焦绿。,2018年11月7日,,
昨晚我妈问我：你是不是搞对象了？每天回来这么晚。我红着脸说：没搞，她不让。。。,2018年11月6日,,
终于知道为什么我的脚总是冰冷的了，因为腿长，供血不足，俗称【高冷】 ????,2018年11月6日,,
提升生活质量最简单的方式：睡觉,2018年11月6日,,
追剧，看上了男二，由于本人性格比较急，懒得等，就冲了个VIP，结果，他下一集就死了！,2018年11月5日,,
小时候，哭着哭着，就笑了； 长大后，笑着，笑着，就哭了。 ?,2018年8月17日,,
有钱的爷们三妻四妾，没钱的潘孔笥一ゲ。,2018年8月16日,,
人是铁，范儿是钢，一天不装憋得慌。,2018年8月16日,,
愿得一人心，免得老相亲。,2018年8月15日,,
青岛，一座让人断片的城市。,2018年8月12日,,
我有荣耀手机，顿时像个王者。,2018年8月11日,,
上个星期天过得可贼爽，才花了五块钱就在地铁上看了那么多美女。,2018年8月11日,,
孙悟空之所以那么瘦，因为在太上老君的炼丹炉里，燃烧了他的卡路里。,2018年8月11日,,
这个世界并不完美，但正是因为有了你，竟变得更不完美了。 ,2018年8月11日,,
看片子介绍：基情好友一起激情打飞机，心想这片可能有意思，结果一看《珍珠港》～～～～,2018年8月5日,,
前两天回婆家一趟，婆婆问我怀上了木有，我说快了，婆婆先是一愣，笑吟吟地说：看样你俩没少努力啊！,2018年8月5日,,
生活将我们磨圆，不是为了别的，只是为了能让我们滚的更远！ ???,2018年8月4日,,
曾经我们那么亲密，最后他的死讯居然是别人告诉我的。,2018年8月3日,,
拼多多到底得罪谁了？！我在京东淘宝买东西都会担心买到假货，只有拼多多最良心，告诉你绝对是假货，让你不用担心！！,2018年8月2日,,
女儿多好啊，又省心，又体贴，干嘛非要儿子，你们家有皇位要继承吗？,2018年8月2日,,
房价就是天然避孕药,2018年8月2日,,
徐州--山东重镇，南京--安徽省会，苏州--上海后花园。,2018年8月1日,,
出汗被女人嫌弃身体虚，不出汗被女人嫌弃不用力。。。唉！真的，女人想找茬，地拖得再干净也没用！,2018年8月1日,,
真想把北京的房子卖了，来一场说走就走的旅行，可惜房东不同意。,2018年8月1日,,
小鸡和小鸭相爱了，它们在一起组成了“小家”(鸡鸭家)。,2018年8月1日,,
脾气不好性子傲，吊儿郎当又爱笑。,2018年7月29日,,
你的床大不大啊，一个人睡怕不怕啊。,2018年7月29日,,
水能载舟，也能煮粥，亦可赛艇。,2018年7月29日,,
说实话，程序员的生活我真的不太了解，直到我和一程序员朋友借钱，他打给了我1024元，留言：凑个整。,2018年7月28日,,
小张开了一家美体店，主营丰唇、丰胸、丰臀，店名就叫张三丰。,2018年7月28日,,
不是越长大越孤单，而是越长大越意识曾经交往的人，算不上是朋友。,2018年7月28日,,
高考并不是人生唯一的出路。 在我18岁那年，警察对我说：坦白是你唯一的出路。,2018年7月28日,,
理发店的Allen老师，Tony老师，Kevin老师在沙漠里迷路了，请问谁不会被渴晕? ――Tony老师，因为托尼带水。 ,2018年7月28日,,
左眼跳财，右眼跳灾，我双眼齐跳，被楼上掉下的一箱钱砸死了。 ,2018年7月28日,,
家里停电了，我不停地进门，靠频繁的闪亮登场，解决照明问题。,2018年7月28日,,
自古深情留不住，总是套路得人心。,2018年9月23日,,
写Word的不如做Excel 的，做Excel不如做PPT的，做PPT的不如讲PPT的，讲PPT的不如听PPT的。,2018年9月21日,,
你只有非常努力才能看起来毫不费力,2018年9月20日,,
总有一款姿势收割你,2018年9月16日,,
事实证明我们讨厌的不是广场舞，而是大妈！,2018年9月16日,,
越过山丘，才发现腿有点酸……,2018年9月15日,,
新手车贴：我上路了，你也想上路吗？,2018年9月13日,,
有人说我丑，我很难过，也很心疼他，年纪轻轻就瞎了。,2018年9月5日,,
小时候感觉方便面特别好吃，每次生日的时候都会许，希望以后天天吃方便面，现在真的天天吃方便面！,2018年9月4日,,
子弹短信下载安装了，挺好用的，加了几个朋友，都留了微信。,2018年9月1日,,
生活需要砒霜，不需要鸡汤，越毒越坚强。,2018年10月16日,,
你们夫妻每月挣多少？ 神回复：我月收入一万，加上我老婆，可以到两千。,2018年10月10日,,
孩子对她说：“妈妈，自从你退出了家长群，气色好多了。”,2018年10月9日,,
放假了，但是工作没放下。,2018年10月4日,,
肠胃不好，消化不了你画的大饼。,2018年10月4日,,
世上本没有忠诚，只是背叛的筹码不够。,2018年9月28日,,
瘦是饿出来的，懂事是没人疼出来的。,2018年9月27日,,
卧撑轮子落了一层灰，该行动起来了，于是我把轮子洗干净了。,2018年9月26日,,
人世间最大的恶，莫过于对善良吹毛求疵。,2018年9月24日,,
理想是花前月下，希望是花钱月下，现实是花下月钱 ,2018年9月24日,,
你心中让你最感动的同性题材电影是什么? 。。。。《新白娘子传奇》,2018年7月7日,,
蜀道难，难就难在背诵全文。,2018年7月7日,,
养儿不防老，擦防晒霜才防老。,2018年7月7日,,
不是吃燕窝的人皮肤好，是吃得起燕窝的人皮肤好。,2018年7月7日,,
如果说人生中有什么比快乐更值得追求，那就是更快乐。,2018年7月7日,,
教训一个人，只需熟练掌握这两句： 1、下次做事之前多想想。 2、你想多了。,2018年7月7日,,
刚成为湖蜜不到24小时，我们詹蜜又一次心凉了。,2018年7月7日,,
听说隔壁公司一台电脑冒烟了，然后触发了消防喷头。现在所有电脑都在冒烟。,2018年7月5日,,
条条大路通罗马，每条都有收费站。,2018年7月1日,,
留给煤球王和蒙牛的时间不多了,2018年7月1日,,
学生：老师，我想上厕所。 老师：嗯，想吧。,2018年6月30日,,
大人见司马光砸缸，便问，司马，你怎么光砸缸。,2018年6月30日,,
如果你喜欢一个人，并且也能感受到他喜欢你。那恭喜你了，你产生了错觉。,2018年6月30日,,
儿子的作业一直他妈妈签名，昨天媳妇没在家，我给签了，刚才老师打来电话，不要让孩子代替签字。,2018年6月30日,,
 当你不想上班又想不愁吃喝的话，那么你去抢银行，不论成功还是失败，未来十年内你都不用再上班。,2018年6月30日,,
没房还想结婚?一辈子靠手吧。,2018年6月30日,,
建议医学界好好研究黄牌在骨科和运动医学方面的神秘疗效，躺在地上痛得满地打滚的人，看到裁判掏出黄牌即可自动痊愈的临床案例屡见不鲜。,2018年6月26日,,
如果你们跟男朋友说话的时候你们的男朋友心不在焉的样子，放心，他们不是心里面有了第二个女人，只是心里面多了支足球队而已。,2018年6月26日,,
你查世界杯的比分，我查高考的分数，我们走的路不一样，但是最终都会在天台相遇，这就是典故【殊途同归于尽】的由来。,2018年6月26日,,
"奥运会中国有两个项目大家根本不用看，也不用担心，一个是乒乓球、一个是男足，前者是""谁也赢不了!""，后者是""谁也赢不了。""",2018年6月26日,,
“为什么我总是碰不上好运气?””因为好运气可没那么倒霉啊。“,2018年8月1日,,
当你蹲下再站起来时，听到膝盖发出声响，那你要注意了，这说明你的听力挺正常的。,2018年8月1日,,
小时候每次吃饭，我爸都给我讲很多道理，长大后才知道，他是怕我没荤菜，所以来点鸡汤。,2018年8月1日,,
后宫里发生的破事90%都是因为没有监控,2018年8月1日,,
冬冬的洞洞里有个东东在动动,2018年8月1日,,
打败我的不是天真，而是天真热！,2018年7月31日,,
我可能是盐吃多了，闲的总是想你。,2018年7月30日,,
人只要还活着，就肯定会遇到喜欢的人。。。。。。和她对象在一起。,2018年7月29日,,
缘封不动：缘分被封印了，一点都没有动静。,2018年7月29日,,
这么热的天，我们拥抱吧，因为心近自然凉哦。,2018年7月29日,,
我演过最完美的戏，就是上课装作听得懂的样子。,2018年5月23日,,
遍寻不着，犹叹当年小蛮腰。空余恨，一身五花膘。,2018年5月23日,,
说好的千年等一回，结果一小时到了胃。,2018年5月23日,,
当年打飞机是满腔热血，现在打飞机是局部充血。,2018年5月16日,,
少年强则少女扶墙，少女强则少年平躺。,2018年5月16日,,
现在流行走后门啊，因为紧。,2018年5月16日,,
猫是种神奇的动物，无论你贫穷还是富贵，它都瞧不起你。,2018年5月16日,,
中式结婚的高潮现在不是洞房，而是买房。,2018年5月11日,,
所谓成长，就是在听到“波涛汹涌”四个字时，再也联想不到大海了。,2018年5月10日,,
去医院我都带刀！不好好给我看病，我就给你好好看病！,2018年5月6日,,
一男子以买车为由，每天准时去奔驰4S店蹭饭，销售小哥无奈求助。,2019年2月24日,,
槟榔加烟，法力无边，槟榔加酒，死了抬走。,2019年2月24日,,
上联: 北上广不相信眼泪，下联: 江浙沪晒不干棉被，横批: 晴 为 何 物！,2019年2月24日,,
农村三恶霸之首：大鹅，老二：大黄狗，老三：大公鸡。,2019年2月24日,,
原油涨我也涨，原油对我有影响。原油降我不降，我跟原油不一样。,2019年2月24日,,
社会只会有三个行业的人告诉你，我这个行业很好干，快来吧，一是保险业，二是传销业，三是微商业。,2019年2月23日,,
你情敌和曾经背叛你的人同时掉进河里，而且他们都不会游泳。你是去蹦迪还是KTV?,2019年2月22日,,
在土豪眼中凡事能用钱解决的事都是小事，而我不一样，凡事能用钱解决的事我都解决不了。。。[哀怨][哀怨][哀怨][哀怨],2019年2月21日,,
二哥拍拍我肩膀，语重声长的说“没钱花的时候就跟我说说一声！我传授给你我没钱的时候是怎么挺过来的！”,2019年2月21日,,
袁隆平道出了一个无奈的事实：我这辈子最大的错误就是让你们吃的太饱了！！！,2019年2月18日,,
玩吃鸡我能开车一定不走路，能蹲在屋子里一定不趴山坡上，现实如此凄凉，游戏中不能没车没房。,2018年4月28日,,
什么东西专克咖啡？狮子王。因为辛巴克咖啡。,2018年4月28日,,
信不信我跳起来打碎你的膝盖骨,2018年4月26日,,
“你打篮球受过最严重的一次伤是什么？” ・ ・ ・ ・ ・ ・ ・ ・  看着对手的女朋友喂他喝水。,2018年4月21日,,
突然有一股强烈的想要学习的欲望 ・ ・ ・ ・ ・ ・ ・ ・  幸好我自制力强，压下去了。,2018年4月21日,,
请用两个字形容你的女朋友 ・ ・ ・ ・ ・ ・ ・ ・  在哪,2018年4月21日,,
为什么我没有一个美到爆炸的女儿 ・ ・ ・ ・ ・ ・ ・ ・  而我妈却有，真是嫉妒她,2018年4月21日,,
我永远忘不了中国首富马云跟我说的第一句话 ・ ・ ・ ・ ・ ・ ・ ・  我不认识你,2018年4月21日,,
这次期末考试，我会用实力告诉你们 ・ ・ ・ ・ ・ ・ ・ ・  我们这个年级一共有多少人。,2018年4月21日,,
地铁上说禁止携带易燃易爆品，我默默下车了，因为我 ・ ・ ・ ・ ・ ・ ・ ・  可爱到爆。,2018年4月21日,,
天台挤不下了，往我心里挤挤。,2018年6月24日,,
我每次吃兰州拉面都非常紧张，每夹起一片肉都不敢呼吸，怕气息把肉片吹走了。,2018年6月24日,,
高房价是最好的避孕药,2018年6月24日,,
和闺蜜一起吃冰淇淋，天太热，冰淇淋化了，滴到了身上，闺蜜在擦胸，而我在擦鞋子！ ,2018年6月24日,,
果然，日耳曼战车还是没有摆脱历史的宿命！在俄国的领土上，就没打过胜仗！,2018年6月19日,,
昨晚跟公司几个同事一起吃饭,2018年6月19日,,
这年头，哪有不分手的恋爱，只有不伤手的立白。遇事得看开一点。,2018年6月17日,,
不知不觉潮流变成了怀旧,2018年6月3日,,
不管多大岁数的人类成员，在金钱面前，一概年轻。,2018年5月25日,,
谁没看过水浒传啊，不就唐僧师徒四人在桃园结义，然后被贾宝玉逼上梁山的故事么。,2018年5月23日,,
世界杯很大程度上带动了两项极限运动的迅猛发展，一个是熬夜，另一个是跳楼。,2018年6月26日,,
我的意中人是个盖世富婆，有一天她会开着劳斯莱斯幻影来接我，我猜中了开头，却没猜中那天是她的八十大寿。,2018年6月26日,,
一直很佩服拉面馆切牛肉师傅的刀功，都是纳米级别的,2018年6月26日,,
不造谣能做到，不信谣做不到，因为我没有识别真言和谣言的能力。,2018年6月26日,,
反着来买，别墅靠海。,2018年6月26日,,
遭遇杠精的正确舒缓方式:遇到抬杠绕道走，离开杠精一声吼，心情若仍难平复，从一数到九十九。,2018年6月26日,,
曾经我也像你这样，梦想着背着剑，去走天涯，但是后来因为在工地搬砖，没有去。,2018年6月26日,,
我们什么时候出现在世界怀赛场上，取决于我们什么时候举办世界怀。,2018年6月26日,,
下一场你们买什么啊？..............棺材！,2018年6月24日,,
天台上的球迷朋友们，请大家让出一条绿色通道给股民们，球迷站左，股民站右，谢谢大家的合作。,2018年6月24日,,
男人其实很单一，永远喜欢20岁左右的女性。,2018年4月7日,,
在那个“早恋”被视为毒药的年代，长辈们再多的教诲也阻挡不了我们的荷尔蒙在沸腾。,2018年4月7日,,
旅行就是从自己活腻的地方到别人活腻的地方去。 ,2018年4月7日,,
自从得了神经病，整个人精神多了。 ,2018年4月7日,,
消防车再不来，火就要灭了啊。,2018年4月7日,,
养鱼挺麻烦的，每周要换一次水，我经常忘记。后来就只好每周换一次鱼了。,2018年4月7日,,
豹：感动吗？ 游客：不敢动！,2018年4月6日,,
女人的奋斗目标就该是，让以前的男人遗憾，让现在的男人流汗，让未来的男人稀罕。 ???,2018年4月6日,,
“一句话说明你拖延症有多严重”， “君子报仇，十年不晚”。,2018年4月4日,,
怼不过腾讯的，跟着腾讯走了，怼不过阿里的，跟着腾讯走了。,2018年4月4日,,
人家只是偶尔随便丑一下，哪像你一直丑的那么认真。,2018年4月4日,,
真的勇士，敢于直面未化妆的脸。,2018年4月4日,,
当欠薪成了常态，发工资就成了新闻。,2018年4月3日,,
猪猪那么可爱你们能不能炖香一点,2018年4月3日,,
老师问小明长大以后干什么，小明说，我要赚大钱，然后开个榨油厂，榨很多的好油再倒到地沟里，让小朋友们以后吃到放心的地沟油！,2018年4月3日,,
兄弟相见难相识，笑问鬼从何处来。,2018年4月1日,,
你永远不知道长辈们的朋友圈，猥琐标题下的内容是多么正能量。,2018年3月29日,,
说好的一日方休，没想到是夜以继日！,2018年3月29日,,
有些事不是努力就可以改变的，五十块的人民币设计得再好看，也没有一百块的招人喜欢。 ?,2018年3月29日,,
书籍是人类进步的阶梯， 电子书是人类进步的电梯。 ?,2018年3月28日,,
我卧底五年成了老二，再卧底下去，我怕会成为老大！,2018年3月25日,,
为什么520除以3除不尽，因为爱情是容不下小三的。错！因为小三是除不尽的！,2018年3月25日,,
你在哭吗？  没有，我只是过敏了。  对什么过敏？  人生。,2018年3月25日,,
成功了说什么都是对的，失败了做啥也是错的。,2018年3月25日,,
下面，有请扁桃体同志不要发炎。,2018年3月24日,,
“我的钱包鼓鼓的，里面装满了欠条；我的内心满满的，里面填满了失望。”,2018年3月24日,,
小时候，爸妈叫我啥都不用做，专心读书。长大后，爸妈说我啥都不会做，白读书了。 ?,2018年3月22日,,
大众: 以后不要说我们烧机油，我们只烧水！,2018年3月22日,,
我奇怪的是北京师范大学和首都师范大学不是一所学校，难道北京不是首都？,2018年3月22日,,
自幼习武强身行走江湖，打遍东方不胜却也不败，源于师父所纹在我后背的四字真言：好汉饶命！,2018年3月22日,,
哪怕抛掉出身的因素，我觉得你也未必干得过别人。,2018年3月17日,,
造成婚外恋的根本原因，是结婚。,2018年3月16日,,
乐意装傻不代表我心瞎…,2018年3月16日,,
拉肚子的时候，不要相信任何一个屁。,2018年3月16日,,
为什么造假酒？据我分析，他肯定造不出真的来。,2018年3月16日,,
据传黄帝时期已经有了基友这一说，并且文字始祖仓颉坚信基友之间的关系才是最长久的。于是他创造了汉字“久”，其读音为：基友久。 ?,2018年3月16日,,
好的容貌和很多钱，是进入上流社交活动的通行证。,2018年3月14日,,
努力了这么久，但凡有点儿天赋，也该有些成功迹象了。,2018年3月14日,,
如果你每天干的活明显多于别人，但自己很高兴还感觉得到器重，那么与其说你很有才干，不如说你的领导很会管人。,2018年3月14日,,
多照照镜子，很多事情你就明白原因了。,2018年3月14日,,
我们老板很喜欢画画，他画过鼻子画过眼睛，画过山川画过森林，不过他最擅长的还是给我们画大饼。,2018年11月13日,,
每天演好一个情绪稳定的成年人。,2018年11月13日,,
有趣的灵魂精神出轨，好看的皮囊现实劈腿。,2018年11月12日,,
单身久了，连碰一下服务员小姐姐的手，都有心动的感觉。,2018年11月12日,,
漂亮带刺的女生才可以叫玫瑰，不漂亮又带刺的那种叫做榴莲。,2018年11月12日,,
卧槽，刚出狱，现在你们都不用诺基亚了吗？,2018年11月12日,,
基因是你给的， 成长环境是你给的， 社会阶层是你给的 ―― 还有脸埋怨自己孩子没出息。,2018年11月9日,,
真正努力过的人，就会明白天赋的重要。,2018年11月9日,,
真是太气愤了，丈母娘为了不帮我俩带孩子，居然自己也生了个二胎……,2018年11月9日,,
早上买早餐的时候，思想走神，脱口而出：老板，来两个肉包子打狗……旁边吃面的妹子喷了我一身！,2018年11月8日,,
问：如何评价“买书如山倒，看书如抽丝”这种行为？答：买的时候有点贪，看的时候有点瘫。,2019年1月31日,,
问：女人的必杀技是“你敢吼我”，男人的必杀技是什么？ 答：你要是这么想我也没办法。,2019年1月31日,,
问：哪些场景吸尘器代替不了扫把？答：儿子像泥猴一样回家的时候。,2019年1月31日,,
你们的嗓子唱歌都像被天使吻过，而我就比较牛逼了，我的嗓子就像被宋小宝锁过喉一样。,2019年1月30日,,
问：祈求代码不出bug该拜哪个神仙？答：拜雍正，专治八阿哥。,2019年1月30日,,
问：为什么有人会与深爱的伴侣分手？答：别人那么大，我想去试试。,2019年1月30日,,
问：大圆脸是什么样的一种体验？答：有一种被岁月磨平了棱角的感觉。,2019年1月30日,,
现在的电视，换台一圈，20％在播新闻，30％在播宫斗剧，50％在播神剧。,2019年1月29日,,
站在知识的海洋边，我的脑袋像个漏斗！,2019年1月26日,,
一晚上没睡吗？加油，坚持住啊，千万别黑发人送了秃头人。,2019年1月26日,,
你这么努力，忍受那么多寂寞和纠结，我们也没觉得你有多优秀。,2018年3月14日,,
你正在干着60后吩咐给70后交代给80后让90后干的事,2018年3月14日,,
曾梦想仗剑走天涯，后来工作忙没去。,2018年3月13日,,
只有拥有找男女朋友的能力和很多备胎，才能真正享受单身生活。,2018年3月13日,,
又一天过去了。今天过得怎么样，梦想是不是更远了？,2018年3月13日,,
有些人感慨：“自己岁数不小了，还没有成熟起来。”  其实你们已经成熟起来了，你们成熟起来就这样。,2018年3月13日,,
别减肥了，你丑不仅是因为胖。,2018年3月13日,,
只要是石头，到哪里都不会发光的。,2018年3月13日,,
世界那么大，404都看不了。,2018年3月12日,,
“同样都是搁置了一个月，橙子才开始皱皮而苹果却已经腐烂了，所以说脸皮厚对于生命的意义非常重大。”,2018年3月12日,,
都市安放不了灵魂，家乡容不下肉身。,2018年3月22日,,
在知识的海洋里， 我竟然只是条淡水鱼。,2018年3月21日,,
小时候我总是在纠结长大了是上清华还是北大，后来才发现，我想多了。,2018年3月19日,,
女朋友长得非常漂亮是怎样一种体验？......都不舍得关灯,2018年3月18日,,
这年头的男生真是的，比女生白，比女生高，还比女生瘦，最可恨的是，还跟女生抢男朋友！,2018年3月18日,,
假如今天生活欺骗了你，不要悲伤，不要哭泣，因为明天生活还会继续欺骗你。,2018年3月18日,,
今天解决不了的事情，也不必着急。因为明天还是解决不了。,2018年3月18日,,
左冷禅费劲千辛万苦拿到辟邪剑谱，打开以后第一页写着：上上下下左右左右BABA，你将获得三十条命。,2018年3月18日,,
如果你是生，我就是快乐，祝你生日快乐啊～,2018年3月18日,,
傻人有傻福，但是傻逼没有。,2018年3月18日,,
没有人知道谁是韭菜，都觉得自己跑得比镰刀快。,2018年3月11日,,
专家指出：晚上睡觉若手机没电一定要记得充，否则第二天一早没法拉屎。,2018年3月11日,,
班主任说过最丧心病狂的一句口头禅：一上课就给我把头趴桌子上，一个一个跟上贡的猪头似的…,2018年3月11日,,
“我真没用！”室友问我有没有偷用他的洗面奶时，我回答道。 ?,2018年3月11日,,
新搬办公室，洗手间在拐角，无wifi信号无4G信号，很快就治好了我多年的便秘。,2018年3月11日,,
木制电线杆是收拾一新、找到工作的树。,2018年3月11日,,
每每要放弃，又鬼使神差觉得自己还有戏。 ????,2018年3月11日,,
我的未来不是梦，是一团糟。 ?,2018年3月11日,,
上帝七天创造世界，剩下的时间呢？ 补bug,2018年3月11日,,
“苞”这个字怎么还没被清理出汉语，有关部门严重失职啊！,2018年3月11日,,
奉子成婚，就是现实生活中的“你弄坏的，你就得买。”,2018年7月28日,,
“感觉你跟你婆婆的关系很好呢！”“那是当然！我婆婆把我当亲闺女般..........揍！”,2018年7月27日,,
叫了个顺风车回家，一上车看到后排座坐俩狗！司机跟我解释现在坐顺风车的人少，所以遇到狗也得送一下。,2018年7月27日,,
吃鸡最讨厌挂了，那个决赛圈三个人，有一个人无限子弹，有一个跑的比车还快，我TM在天上看的一清二楚。,2018年7月27日,,
当你漫无目的的浏览朋友圈，看看别人发什么、谁点赞、谁评论了……会惊奇的发现，卧槽！这俩怎么认识？,2018年7月27日,,
发明「狗眼看人低」这句话的人，一定没有遇过猫。。,2018年7月25日,,
病人:一个月打三次胎有没有问题啊？医生:滚，把你的自行车给我抬出去。,2018年7月25日,,
自从知道狂犬疫苗造假，心里没底气，见了狗客气多了。,2018年7月23日,,
小时候爸妈带我去海洋公园，四年级的时候我带同学去，同学告诉我这是海鲜市场....,2018年7月22日,,
单身只有三个原因！1：长得丑，2：自己丑还嫌别人丑，3：没钱还长的丑。,2018年7月20日,,
川渝两地人嗜血，吃什么都说blood!!!,2018年3月11日,,
谦虚使人进步，骄傲使人心情不错 ????~,2018年3月11日,,
有的家长教育孩子，没有科学方法，没有章法规律，完全靠手感。,2018年3月11日,,
宇宙不爆炸，床都懒得下；地球不重启，别想我早起；风里雨里春节里，都在被窝里。,2018年3月11日,,
昨晚梦到月老，问他：“你为什么不给我一个男朋友？”月老打量了我一下，说：“红绳短，腿粗，系不上。”,2018年3月11日,,
天将降大任于是人也，必先苦其逼上班， 所以动心忍性，曾益其所不能。,2018年3月11日,,
现在的地下停车场设计得跟迷宫一样，每次都要找好久才能发现自己没有车。,2018年3月11日,,
一个人如果没有梦想，跟无忧无虑有什么区别呢？,2018年3月11日,,
你知道吗？每天省一包烟钱，十天后你就可以买一条烟。,2018年3月11日,,
昨晚喝醉打车回家，问师傅：你知道什么是区块链吗？师傅说：吐车上200。,2018年3月11日,,
有的人吃着天鹅肉，却还想着铁锅炖大鹅。,2018年3月10日,,
身高这种东西，大家都是一米多，有什么好说的。,2018年3月10日,,
世间所有的美貌，闻起来都有金钱的味道！,2018年3月10日,,
自古深情留不住，总是套路得人心。,2018年3月10日,,
我最讨厌两种人，一种是变道加塞的，另一种是不让我变道加塞的。,2018年3月10日,,
人生总有猝不及防的忧愁，却很少有应接不暇的惊喜。,2018年3月10日,,
异地恋最大的问题是鞭长莫及,2018年3月10日,,
新闻说每过二十四小时人的寿命就会少一天,2018年3月10日,,
学而不思则罔，思而不学则网贷。,2018年3月10日,,
最短的黄段子：粉转黑。,2018年3月7日,,
如果你觉得自己毫无价值，只要记住你的消化系统中还有着大量的细菌指着你呢。,2018年3月11日,,
在日本有句谚语叫『中国有句古话』。,2018年3月11日,,
如果事与愿违，命运另有安排。,2018年3月11日,,
你有诗和远方也没用，生活对你虽远必诛。,2018年3月11日,,
原来甜不辣是 Tempura 天妇罗！,2018年3月11日,,
我也有诗和远方，只不过诗很烂，远方一片黑暗。 ????,2018年3月11日,,
她总是习惯在枕头底下藏着一把刀，以防突然有人给她带来一个蛋糕。,2018年3月11日,,
一件事如果开始做就是成功的一半，那么还是有一半失败的几率，所以如果一件事你不开始，失败的几率是0。,2018年3月11日,,
求婚和乞讨的距离只有一个膝盖。,2018年3月11日,,
你永远不会发现，如果你永远地忘记了一件事。,2018年3月11日,,
当你拉完屎两只手都洗的时候，就意味着，冬天过去了。,2018年3月11日,,
两岸猿声啼不住，一枝红杏出墙来。,2018年3月11日,,
大家都夸我朴实、节俭、会过日子，其实我只是单纯的穷而已。,2018年3月11日,,
事业缺火，命里缺金。,2018年3月11日,,
移动支付方便了大家的生活，不用去银行，不必打开钱包，随时随地就能知道自己没钱。,2018年3月11日,,
“总说我嘴硬，你不吻一下怎么知道是不是软的？” ????,2018年3月11日,,
一只八哥冲着一只鹦鹉叽叽喳喳了好一阵，鹦鹉说：“你会讲人话吗？”,2018年3月11日,,
想开一家粗粮健康轻食餐厅，广告语都想好了：手里呀捧着窝窝头，菜里没有一滴油。,2018年3月11日,,
我更喜欢驾驶后驱车，操控性能好，就是结构复杂一些，价格也更贵，但是可以蹬的很快。,2018年3月11日,,
落红不是无情物，医院三百能修复。,2018年3月11日,,
能认识自己是个什么东西，都是好样的。,2018年3月7日,,
你肺活量是多少啊，能把牛B吹的这么大。,2018年3月7日,,
什么都在涨价，就是人越来越贱。,2018年3月7日,,
拍月全食的方法：遮住相机镜头、拍平底锅。,2018年3月7日,,
有个人问我『你要不要脸？』 我没敢买。,2018年3月7日,,
有的人穿着棉毛裤，他已经冻死了;有的人穿着黑丝袜，她还活着……爱一个人就爱全部，包括她的棉裤。,2018年3月7日,,
我对你一见倾心，不料你却与他两情相悦三生缘定四世同堂五子登科。,2018年3月7日,,
争做生活上的好姑娘，外形上的柔情少女，心理上的变形金刚。,2018年3月7日,,
我是一个很有深度的人，因为我住在地下室负3层。,2018年3月7日,,
小猪配骑,2018年3月6日,,
赠人玫瑰，手有余香，所以被老婆发现了。 ?,2018年3月11日,,
一分钱一分货，一毛钱两分货，一块钱三分货。,2018年3月11日,,
“你在干嘛” 唯一的正确回答是 “在和你聊天”,2018年3月11日,,
别以为世界抛弃了你，其实世界压根没空搭理你。,2018年3月11日,,
天气预报：报不报由我、信不信由你、灵不灵由天。,2018年3月11日,,
有人说，世界上最好的词就是虚惊一场。,2018年3月11日,,
雾是故乡厚，霾是北京纯。,2018年3月11日,,
每一个抽烟的人，以前…都不抽烟,2018年3月11日,,
见惯了太多的虚心假意，觉得只有骗子才是真心的，因为他真心骗你。,2018年3月11日,,
张歆艺 张馨予 张艺兴 张艺馨 有啥关系？,2018年3月10日,,
抽着中华、开着911，女朋友在副驾驶露腿坐着，红灯下顺手搭在女朋友的腿上，这生活......我再公交车上看的一清二楚！,2018年3月18日,,
职场是一棵树，每个人都是树上的猴子：往上看全是屁股，往下看全是笑脸，左右看全是耳目。,2018年3月17日,,
我的人生目标是三十岁时，在北京拥有一套自己的房子。现在我的目标已经实现一半了：我已经三十岁了。,2018年3月17日,,
等生活中真有了生老病死这样的大事，才知道自己以前的忧伤都是狗屁。,2018年3月17日,,
人生就是这样，有欢笑也有泪水。一部分人主要负责欢笑，另一部分人主要负责泪水。,2018年3月17日,,
你承受的苦难并不比他人多太多，痛苦主要来自敏感和脆弱。,2018年3月17日,,
一些年轻人，通过高端消费来营造自己高端收入的形象。,2018年3月17日,,
真正努力过的人，就会明白天赋的重要。,2018年3月17日,,
这个世界没有错，谁让你长得不好看又没钱。,2018年3月17日,,
有些女生觉得，说自己是吃货能显得可爱，其实并没有这样的效果。,2018年3月17日,,
80个男人和80个女人：井井有条,2018年2月11日,,
这个世界上有10种人，一种是懂二进制的，一种是不懂得。,2018年2月11日,,
没有到会的同志麻烦举一下手！,2018年2月11日,,
马系：亲，你好，包邮哦,2018年2月11日,,
法系：免谈、不见、按规矩,2018年2月11日,,
儒系：稍等、抱歉、对不起,2018年2月11日,,
佛系：都行、可以、没关系,2018年2月11日,,
我不整理房间，我是乱室佳人。,2018年2月11日,,
今天心情不好，我只有四句话想说，包括这句和前面两句，我的话说完了。,2018年2月11日,,
肉的理想，白菜的命。,2018年2月11日,,
抽刀断水谁更流， 跟妞讲理妞更轴。,2018年3月4日,,
旋转木马是最残忍的游戏， 彼此追逐却有永恒的距离。,2018年3月4日,,
这年头什么都靠不住，只有自己靠得住。所以人们常说：我靠！,2018年3月4日,,
爸爸养过的鸟、兔子、鱼、松鼠、发财树等等的都死了，我和哥哥很庆幸。,2018年3月4日,,
这个很喜欢世界上最遥远的距离不是你站在我面前却不知道我爱你，而是你是小学生我是本科！,2018年3月4日,,
当斧头来到树林里的时候，好多树都说，至少它的把手是我们自己人。,2018年3月4日,,
忍受孤独比忍受傻逼简单多了,2018年3月4日,,
希望能成为一个有趣和有钱的人，实在不行，光有钱就行。,2018年3月4日,,
回老家：修手机，修电视机，修遥控器，修热水器。去亲戚家：修路由器，修电脑，各种东西。,2018年2月14日,,
如何让婚姻更美满？像一个单身人士一样生活。,2018年2月14日,,
“狗年会不会狗血比较多？” “不知道，希望鸡血少一点。”,2018年2月14日,,
只要努力去干，就没有什么事情是你搞不砸的！,2018年2月12日,,
俗话说张家长，李家短，这是真的么？,2018年2月12日,,
小王留了中分，变成了小全。小全盘腿一坐，变成了小金。,2018年2月12日,,
有些事情你只要认真去做.... 就一定睡得着。,2018年2月12日,,
做一个安徽人最痛苦的事就是不能把迎客松拔下来送朋友。,2018年2月12日,,
一个河南人死后来到天堂，守门人彼得问他：“你为什么选择天堂？”河南人说：“因为我害怕地狱黑。”,2018年2月12日,,
勿以鳝小而不慰，勿以洞小而为之。,2018年2月12日,,
用一条鳝鱼慢慢的挑逗，也许这就是循循鳝诱。,2018年2月12日,,
人生不如意之事十有八九，剩下的十之一二，超级不如意。,2018年2月12日,,
连广告也信，读书读傻了吧。,2018年2月11日,,
女人总说：女人如衣服。但姐是你穿不起的名牌。哥想说～我买不起～试试总是可以的吧～,2018年2月8日,,
两个食人族同事商量中午要叫个外卖。＂今天吃个顺丰吧。＂他们说。,2018年2月8日,,
女人，就像马路一样，越是凹凸不平，越是危险。,2018年2月8日,,
A：七夕节没有情人怎么办？B：清明节家里没死人的你还得弄死几个？,2018年2月8日,,
造谣应该怎么判啊？答：国有资产严重流失,2018年2月8日,,
“明知道会分手为什么还要谈恋爱?”你他妈知道会死为什么还要活着。,2018年2月8日,,
知道为什么玉镯子只戴一只手么，朋友用事实告诉我鼓掌的时候就知道了…,2018年2月8日,,
男生叫撸管，女生是不是该叫揉道？,2018年2月8日,,
雨下不停，鲁豫把太阳伞盖在头上，对旁人说：看，我的帽子。,2018年2月8日,,
曹操头痛欲绝。卞夫人对曹丕说：快叫华佗！  曹丕说：“偶吧……刚弄死他。”,2018年2月12日,,
0和1谁不败家？1，因为零花钱 。,2018年2月12日,,
医生，我的记忆最近好差！ 有多差？ 什么有多差？ ,2018年2月12日,,
小明心狠手辣，有一天他亲了一下他的手，辣哭了 。,2018年2月11日,,
"精子：“oh, shit!” ",2018年2月11日,,
“没什么事我先挂了”，老王临死前道。,2018年2月11日,,
人生中有很多意想不到的事情，就比如你以为我会觉个例子！ ,2018年2月11日,,
赢球不可怕，缺谁谁尴尬。,2018年2月11日,,
小红帽为什么平胸？ 因为她奶奶被狼吃了…,2018年2月11日,,
女生体重不过百，不是平胸就是矮。,2018年2月11日,,
自从买了保险，过马路都不用看红绿灯了。,2018年2月8日,,
没有不变的承诺，只有说不完的谎言。,2018年2月8日,,
曾经的海枯石烂，抵不过好聚好散。,2018年2月8日,,
都说姐漂亮，其实都是妆出来的。,2018年2月8日,,
传销就是兔子专吃窝边草。,2018年2月8日,,
女大十八变，越变越随便。,2018年2月8日,,
专家说了，空腹不宜饮食。,2018年2月7日,,
从前有个同学叫小明，小明没听见。,2018年2月7日,,
在对不起之间加哪两个字最让人心酸，无力？对三，要不起。,2018年2月7日,,
“麻烦你，来碗鱼丸粗面。”--------“没有碗。”,2018年2月7日,,
从前有一个人长的特别像电话， 有一天他走在路上，一不小心摔了一跤， 挂了。,2018年2月7日,,
心塞怎么办？多吃点通心粉！,2018年2月7日,,
学而不思则忘，思而不学则呆。,2018年2月7日,,
如果你每天能省下买一包烟的钱，那么十天后，你就能买十包。,2018年2月7日,,
人死后都会上天堂，因为人间就是地狱。,2018年2月6日,,
争吵的时候，男人和女人的区别象是步枪和机关枪的区别。,2018年2月6日,,
这个世界上我只相信两个人，一个是我，另一个不是你。 ,2018年2月6日,,
10年前我们一起偷菜，现在你对我3天可见。,2018年2月6日,,
顺其自然只是无能为力的另一种说法。,2018年2月6日,,
毕业多年才发现，混的最好的不是学习好的，也不是调皮捣蛋的，而是家里本来有权有钱的！,2018年2月6日,,
最快变成哲学家的是老公，最快变成经济学家的是老婆，最快变成战略家的是丈母娘。,2018年2月8日,,
结婚就是“明知山有虎，偏向虎山行”，可是“不入虎穴，焉得虎子”。,2018年2月8日,,
哄领导开心就做做假，哄群众开心就做做秀，哄自己开心就做做梦。,2018年2月8日,,
坏人做一件好事叫回头是岸，好人做一件坏事叫临天亮尿床。,2018年2月8日,,
人生就像迷宫，我们用上半生找寻入口，用下半生找寻出口。,2018年2月8日,,
小学生是一队一队，中学生是一堆一堆，大学生是一对一对。,2018年2月8日,,
不经历星期一上午的崩溃，就不知道星期五下午的可贵。,2018年2月8日,,
在你头上拉屎的未必是敌人，也可能是你楼上的邻居。,2018年2月8日,,
我不介意你骗我，我介意的是你的谎话骗不了我。,2018年2月8日,,
一觉醒来我以为我长高了，原来是被子盖横了。,2018年2月8日,,
别人稍一注意你，你就敞开心扉，你觉得这是坦率，其实这是孤独。,2018年2月5日,,
先生，你这张卡上的钱也不够……,2018年2月5日,,
我要结婚了，你来吗？,2018年2月5日,,
刘硕，念了六所大学辍了三所，学了七种语言忘了六种。,2018年2月5日,,
小时候不努力念书，长大只能给人点赞。,2018年2月5日,,
一场雨的时间里，你没看我，我没看雨。,2018年2月5日,,
你样样都好，样样比她强，你只有一个缺点，你不是她。,2018年2月5日,,
寻物启事：鄙人在遛弯的林荫小道上埋了一个地雷忘记埋在哪儿了。,2018年2月5日,,
老师说你们都是祖国的花朵，说罢朝学生中扔出一个马蜂窝后反锁了。,2018年2月5日,,
找不着皇色网站的王老汉竟打开了淘宝女装频道,2018年2月5日,,
现在有四种男人最受女人欢迎，他们是：高富帅、矮富帅、高富丑、矮富丑。,2018年2月8日,,
自从草字被简化成“艹”之后，莞尔一笑这个成语我都不好意思用了。,2018年2月8日,,
“平时你都用什么手段避孕”----我的外貌！,2018年2月8日,,
身为一个资深女光棍，别人劝我：“不如你就信教吧，这样好歹也算有主了”！,2018年2月8日,,
爱笑的女孩，运气不会太差，因为运气差的根本笑不出来！,2018年2月8日,,
这周日你有空吗？ ,2018年2月8日,,
“不许动！再动开枪啦”，歹徒灵机一动。于是警察开枪了 ！,2018年2月8日,,
男人最怕1月31日。女人最怕12月1日。,2018年2月8日,,
小明和小红陷入爱河，第二天村里人把他们俩从河里捞了出来。 ,2018年2月8日,,
我18岁背井离乡，从此村里人再也没有喝上过水。 ,2018年2月8日,,
谁能想到，这名16岁的少女四年前只是一名年仅12岁的少女,2018年2月5日,,
司马迁在狱中坚持不懈终于创出了第八套广播体操,2018年2月5日,,
火葬场为增收，散步谣言说运钞车保安枪里没有子弹,2018年2月5日,,
主持人的幽默把大家都逗乐了，一时间灵堂里变成了欢乐的海洋。,2018年2月5日,,
理发师掏出剪刀威胁我，再不交出钱就要把我剪成非主流！,2018年2月5日,,
面对穷凶极恶的歹徒，王老汉临危不惧、沉着冷静的放了个响屁。,2018年2月5日,,
因患密集恐惧症校领导拒绝开校庆大会,2018年2月5日,,
无头男尸频繁出入洗头房引起了警方高度警觉,2018年2月5日,,
下大雨了，小明用狗爬式顺着雨水游上了天,2018年2月5日,,
这个石头很强，他在那纹丝不动已经很久。。。,2018年2月5日,,
为了保护这些未成年的学生妹，校长裸身冲向了扫黄的警察。,2018年2月5日,,
严重的恐高症害的我终生无法低头捡到钱,2018年2月5日,,
我妈大喊我全名时候，也是一句话一个故事 q(°A°`)r,2018年2月5日,,
剃腋毛两天后，胳肢窝里养了两只小刺猬。,2018年2月5日,,
content,date
去东北饭馆喝啤酒，老板问你喝常温的还是冰镇的，你一定要回答――喝！冰！镇！的！,2019-02-10
几年前我原打算胖着玩玩，今年往体重秤上一站才知道自己玩嗨了！,2019-02-09
老板让同事去把他的车开过来，同事新手离合松的快了，一耸一耸的，一震一震的开到跟前，老板大喊，你他妈日我车呢！,2019-02-09
问：有哪些动漫角色穿着暴露无比，却没有给人“卖肉”的感觉？答：海尔兄弟,2019-02-08
手机厂商必须感谢腾讯，如果没有微信，手机5年也不用换！,2019-02-08
排队的时候吵起来了，对方骂我：“你tm挤个j8！”  我：“一个。”,2019-02-07
问：为什么打群架的时候，普遍会脱掉上衣？答：假如脱掉裤子的话，总感觉哪里不对，气氛怪怪的。,2019-02-07
问：你读过最伤感的一句诗是什么？答：同行十二年，不知木兰是女郎。,2019-02-07
问：长得丑但身材很好是一种什么体验？答：背面倾国倾城，正面忧国忧民。,2019-02-06
问：上厕所为什么打激灵？答：每一滴飘在空中的尿，都是膀胱抽泣时落下的泪。,2019-02-05
上初中的时候住校，室友吃饭的时候总是抽烟，我就问他，你才十五岁，怎么就会抽烟啦？室友说，小时候每次吃奶都满嘴的烟味，习惯了。[捂脸],2019-03-17
老公家里最近拆迁，拆了几百万，激动的不行，今天他跟我说舌头上起了个泡，我第一反应就是：有钱烧的？？？,2019-03-17
家有独子一枚，学习成绩不理想。今天媳妇拿着儿子0分的卷子，对我吼了一句：“这就是你当年率领亿万精兵攻打我守了18年的地方留下来的精兵中的精兵？”,2019-03-17
如果你是孙悟空被压500年，出来第一件事干啥？……感谢土地公……,2019-03-16
室友的脚出奇的臭，我听说白石灰除脚臭，就悄悄的往室友鞋里面撒了一些。还别说，晚上室友回来，别说脚臭除了，连脚皮都没了。,2019-03-16
我一杯接着一杯的喝酒，老公疑惑的看着我，问道：“老婆，我没记错的话，我俩刚在一起的时候，我送你回家，当时你是喝了一杯可乐说找不到家了...”,2019-03-15
女人要那么多衣服说是给男人看的，其实我们都喜欢看女人不穿衣服！ ,2019-03-15
刚刚在古玩市场淘到一件宝贝，清朝青花瓷碗。拿回家一看，碗底还有二维码，用手机扫了扫果然是清朝的，心里顿时踏实很多。买的时候还担心是假货，看来多虑了！,2019-03-15
我从小眼睛就小，我自己从来没在意过，直到前天，我深刻认识到自己眼睛小了，因为我新买个手机，带面部解锁的，我每次解锁，它都会提醒我，请把眼睛睁开。,2019-03-14
在闺蜜家聊天，她和她老公彼此互夸，甚是甜蜜，我心悦诚服地说道:论夫妻关系融洽的法则――互吹！！！闺蜜含羞一笑,2019-03-14
问：已经有女朋友了，但又遇到更喜欢的对象怎么办？答：不要相信在野党，执政之后都一样。,2019-02-04
问：热爱是一种怎样的体验？答：两个长得像猪一样的人，还怕对方被抢走。,2019-02-03
问：没有女朋友是什么感受？答：有一种怀才不遇的感觉。,2019-02-02
问：你会给自己写什么墓志铭？答：没什么事我就先挂了。,2019-02-01
问：古人有拖延症么？  答：不急，等明天抓住了孙悟空，再跟这唐僧一起炖了吃！啊哈哈哈哈！,2019-02-01
问：怎么反驳“胸小不要说话” 。答：怎么，怕我揭你短？,2019-01-31
问：有哪些你以前深信，现在不再相信的观点？答：长得好看又咋了，她学习又不行！,2019-01-31
问：有没有一本书，提到它就觉得它改变了你，甚至影响你的人生观，让你感动不已？答：《五年高考 三年模拟》。,2019-01-31
问：男女之间没有纯友谊吗？答：有，越丑越纯！,2019-01-31
问：有哪些人类已经发现却又无法解释的现象？答：女朋友为什么会生气。,2019-01-31
一男子以买车为由，每天准时去奔驰4S店蹭饭，销售小哥无奈求助。,2019-02-24
槟榔加烟，法力无边，槟榔加酒，死了抬走。,2019-02-24
上联: 北上广不相信眼泪，下联: 江浙沪晒不干棉被，横批: 晴 为 何 物！,2019-02-24
农村三恶霸之首：大鹅，老二：大黄狗，老三：大公鸡。,2019-02-24
原油涨我也涨，原油对我有影响。原油降我不降，我跟原油不一样。,2019-02-24
社会只会有三个行业的人告诉你，我这个行业很好干，快来吧，一是保险业，二是传销业，三是微商业。,2019-02-23
你情敌和曾经背叛你的人同时掉进河里，而且他们都不会游泳。你是去蹦迪还是KTV?,2019-02-22
在土豪眼中凡事能用钱解决的事都是小事，而我不一样，凡事能用钱解决的事我都解决不了。。。[哀怨][哀怨][哀怨][哀怨],2019-02-21
二哥拍拍我肩膀，语重声长的说“没钱花的时候就跟我说说一声！我传授给你我没钱的时候是怎么挺过来的！”,2019-02-21
袁隆平道出了一个无奈的事实：我这辈子最大的错误就是让你们吃的太饱了！！！,2019-02-18
海底捞的服务确实好！记得15天之前去吃海底捞，结账的时候忘记带钱来，还是服务员帮忙报的警……,2019-05-10
“为什么有人管前男友叫渣男呢？明明知道是渣男还交往，那不就是说自己眼光差吗？”“你吃过甘蔗吗？”,2019-05-08
刚刚去小店买水，见老板在摇椅上睡着了，老板娘还给他捶腿，瞬间感到好恩爱，我不忍心打扰他们，拿了两瓶可乐就悄悄地走了。,2019-05-07
我虽然单身20多年了吧，可我依然是个颜控，总看不上小姐姐，只看得上小仙女。,2019-05-07
我常常因为自己内心戏太多而理解不了别人说的话。,2019-05-07
大家都知道刘关张桃园三结义，那么谁能告诉我他们拜的是谁？,2019-05-02
去参观故宫，站在大殿龙椅旁有一种似曾相识的感觉，感觉上辈子来过这里，最重要的是喉咙很不舒服，就想尖着声音来一嗓子：皇上驾到！！,2019-04-30
我深圳住的房子都可以卖700多万了，突然有种冲动，卖了房子出去周游世界，一切都准备好了，心动不如行动可是，可是房东他，他，他，他他妈的不同意！,2019-04-29
小时候假期妈妈把游戏机放我书包里，我找了一个假期没找到…,2019-04-29
带女朋友来看复联，复仇者集结的时候她问我，大黄蜂怎么还不来？我该怎么回答？,2019-04-29
昨晚喝醉把妹妹当女朋友啪了，半夜清醒想起来自己没女朋友心里一阵负罪感，早上醒来看着被子里一脸委屈的狗，想起来自己也没妹妹。。。,2019-02-18
有谁看完过一整本的汽车使用说明书吗？我已经看完了，就差买车了。,2019-02-18
我最羡慕的就是西游记里的唐僧，都不用自己洗澡，每过两集就有一个妖怪说:小的们，把那个和尚洗干净了。,2019-02-17
流浪地球――――三体舰队长途跋涉到达太阳系：你丫的，地球呢？,2019-02-16
为了防止过年乱花钱，我年前就把钱花没了，我就是我，不一样的烟火，瞅着自己都上火！,2019-02-15
you say too much，if you jjww again，i will give you color see see,2019-02-15
北京第三区交通委提醒您：道路千万条，安全第一条。行车不规范，亲人两行泪。,2019-02-14
当你觉得自己很牛逼的时候，当你以为自己很了不起的时候，就要冷静下来想一想 ……   怎么让全世界都知道这个事。,2019-02-14
为什么假期感觉很短呢？……因为假期没有上午。,2019-02-12
伪过年：富不回乡，穷莫走亲。,2019-02-10
人体最聪明的器官是头脑――然而这个结论是头脑判断的！,2019-01-25
傻人有傻福，但傻逼没有。,2019-01-23
总是会有人把你的难处当成挂在嘴边的笑话。,2019-01-15
有钱的装穷，没钱的装逼。,2019-01-11
男友装富被揭穿：我不能忍受他的欺骗；男友装穷被揭穿：我爱的不是他的钱。,2019-01-09
今天在切肉时不小心划到了手，血滴在猪肉上。妹妹在后面突然问了句：你是在滴血认亲吗？我：…………,2019-01-08
真正的兄弟，不管我们距离多远，不管多长时间没联系，哪怕中间换了好几次手机号，要借钱的时候总能找到你.....,2019-01-06
12岁地震，我在内蒙古包头。24岁汶川大地震，我在成都。明年36。你们说我去哪啊？,2019-01-06
哥们叫我去接机 ，到了才知道他还叫了他女朋友 ，结果劳资零下五度凌晨3点去吃了一顿狗粮。草！！,2019-01-02
鹅毛大雪无鸟飞，木目相连下联心。明字身旁隐去月，尔字身旁多一人。,2019-01-01
你们都说麻婆豆腐好吃!昨天我去吃了麻婆豆腐，被麻婆砍了三刀!,2018-12-31
男朋友说我卸了妆能过万圣节，我笑了，你脱了裤子能过儿童节～,2018-12-31
小时候有同学骂我说：你长得像猪。我回嘴说：你长得像人。,2018-12-28
同事请领导吃饭，领导婉拒。他本想回【好的】，却回成了【妈的】。结果，他失业了……,2018-12-27
强东：以为可以凭交情讲点感情，想不到还是一笔买卖！！！,2018-12-26
坏消息：19将是过去10年最坏的一年；好消息：19将是未来10年最好的一年,2018-12-25
如果是色情，请不要传播。 如果是艺术，请不要打码。,2018-12-24
当今最时髦的：男显高，女显瘦，狗穿衣服人露肉。,2018-12-23
你在南方的艳阳里露着背，她在北方的暖房里光着腿，我在不南不北的江浙沪大雪纷飞冻成鬼。,2018-12-23
#哪个瞬间觉得你长大了# 女澡堂子不让我进了……,2018-12-19
老子练了八年跆拳道，六年柔道。今天竟然让一个扛水泥的，把我打了……,2018-12-09
大家好，我是宇宙财务官，简称UFO！,2018-12-07
手指受伤了，现在只能算9以内的加减法了。,2018-12-06
上联：小偷偷偷偷东西；下联：小明明明明白了！,2018-12-03
恍若凌霄境，飘虚作道台。 路人蒙口鼻，浊世雾称霾。,2018-12-03
你又不是美瞳，我凭啥把你放眼里。,2018-12-02
中国人过节啊，一到外国节日就开房，一到中国节日就开饭！,2018-12-01
侄女让她妈妈教她写作业，她妈妈说：你先把难的做了，剩下简单的我来教你！,2018-12-01
前女友很内向，她想结束和我四年感情都不好意思说，是喊她新男友来告诉我的。,2018-11-30
打败你我的是一些纸，打败支付宝的是一张纸。,2018-11-30
早上看到一MM穿红袜子，就跟她开玩笑：你本命年啊？ 她顿时瞪大双眼：你看到我内裤了？ 我：........,2019-04-29
单身久了，看只鹅都眉清目秀的。,2019-04-27
我侄子问我哥：“爸，你有量角器吗？”我哥玩着手机，心不在焉的回答：“脚气怎么量，我只是闻过啊...”,2019-04-25
初中语文老师，每次上课都强调，上课不准带手机，否则就没收，今天终于发飙了，一共没收了6部手机，走到讲台上，当着全班的面，砸了七部手机。,2019-04-23
